"Date","TeamName","ScoreOff","FirstDownOff","RushAttOff","RushYdsOff","PassAttOff","PassCompOff","PassYdsOff","PassIntOff","FumblesOff","SackYdsOff","PenYdsOff","Opponent","ScoreDef","FirstDownDef","RushAttDef","RushYdsDef","PassAttDef","PassCompDef","PassYdsDef","PassIntDef","FumblesDef","SackYdsDef","PenYdsDef"
1980-09-07,"New York Giants",41,19,40,104,31,16,280,1,1,6,80,"St. Louis Cardinals",35,20,24,132,31,18,322,3,3,35,40
1980-09-07,"New England Patriots",34,16,17,48,35,22,233,0,2,18,55,"Cleveland Browns",17,27,49,186,26,17,277,1,1,11,43
1980-09-07,"Pittsburgh Steelers",31,16,15,60,44,25,253,5,1,21,92,"Houston Oilers",17,20,39,119,24,12,254,2,2,17,30
1980-09-07,"Oakland Raiders",27,18,28,91,37,19,317,0,0,32,55,"Kansas City Chiefs",14,17,32,113,28,16,196,3,1,33,62
1980-09-07,"San Diego Chargers",34,22,44,197,31,21,230,0,2,6,48,"Seattle Seahawks",13,13,17,47,33,18,235,2,2,33,20
1980-09-07,"Green Bay Packers",12,18,43,101,30,17,174,3,2,7,64,"Chicago Bears",6,12,30,114,22,10,138,1,0,38,75
1980-09-07,"Philadelphia Eagles",27,14,23,93,41,18,178,2,1,38,35,"Denver Broncos",6,21,35,137,30,19,287,0,4,3,68
1980-09-07,"Baltimore Colts",17,23,41,113,42,24,257,1,3,18,50,"New York Jets",14,7,15,39,26,11,200,4,0,13,59
1980-09-07,"Tampa Bay Buccaneers",17,13,34,91,23,11,155,0,2,0,95,"Cincinnati Bengals",12,9,36,112,21,6,47,1,4,31,97
1980-09-07,"Detroit Lions",41,27,46,330,19,10,173,0,2,9,93,"Los Angeles Rams",20,16,24,86,29,17,179,3,1,10,59
1980-09-07,"Buffalo Bills",17,13,22,90,26,15,139,4,4,29,59,"Miami Dolphins",7,22,43,144,33,21,213,5,4,0,44
1980-09-07,"Minnesota Vikings",24,20,32,158,28,14,165,1,2,9,80,"Atlanta Falcons",23,28,23,77,42,30,395,1,0,24,114
1980-09-07,"San Francisco 49ers",26,21,31,154,29,21,223,1,1,27,87,"New Orleans Saints",23,19,22,90,41,25,314,0,0,10,70
1980-09-08,"Dallas Cowboys",17,18,44,177,18,10,107,2,1,0,50,"Washington Redskins",3,14,20,58,34,19,190,1,2,9,45
1980-09-11,"Tampa Bay Buccaneers",10,16,33,169,29,17,191,4,2,0,111,"Los Angeles Rams",9,12,27,100,23,10,97,1,0,14,40
1980-09-14,"Miami Dolphins",17,18,40,169,32,17,157,1,2,12,55,"Cincinnati Bengals",16,14,30,118,25,13,181,1,4,50,30
1980-09-14,"Chicago Bears",22,13,22,91,31,17,180,2,1,52,74,"New Orleans Saints",3,15,37,218,24,7,115,0,1,0,24
1980-09-14,"Pittsburgh Steelers",20,22,37,119,35,20,282,1,1,9,105,"Baltimore Colts",17,25,24,97,34,19,250,1,2,0,75
1980-09-14,"San Diego Chargers",30,25,41,186,34,16,256,3,2,7,94,"Oakland Raiders",24,30,32,76,44,29,387,5,3,15,59
1980-09-14,"Washington Redskins",23,18,46,208,21,10,120,0,3,2,63,"New York Giants",21,15,31,87,29,12,174,3,4,11,5
1980-09-14,"Buffalo Bills",20,17,26,137,34,19,168,1,0,2,23,"New York Jets",10,22,36,155,29,18,207,0,4,0,41
1980-09-14,"Atlanta Falcons",37,22,41,167,30,19,244,0,4,7,60,"New England Patriots",21,21,28,107,31,17,169,1,3,16,49
1980-09-14,"Detroit Lions",29,19,43,230,20,12,252,1,0,23,53,"Green Bay Packers",7,17,23,59,36,18,208,2,1,25,33
1980-09-14,"Denver Broncos",41,20,29,110,34,20,292,1,2,16,30,"Dallas Cowboys",20,19,40,153,21,10,198,0,0,8,85
1980-09-14,"Philadelphia Eagles",42,28,40,249,27,21,280,1,0,0,79,"Minnesota Vikings",7,16,14,32,44,20,197,1,1,22,62
1980-09-14,"San Francisco 49ers",24,21,37,86,38,28,265,1,3,9,40,"St. Louis Cardinals",21,19,25,132,42,25,266,3,2,6,45
1980-09-14,"Seattle Seahawks",17,19,37,122,27,17,194,1,1,7,51,"Kansas City Chiefs",16,17,26,83,31,20,184,0,4,29,25
1980-09-15,"Houston Oilers",16,23,48,192,28,23,187,0,1,10,40,"Cleveland Browns",7,13,16,75,25,12,106,1,0,0,60
1980-09-21,"Detroit Lions",20,20,18,82,36,22,275,1,2,33,68,"St. Louis Cardinals",7,19,45,181,24,12,157,0,0,18,61
1980-09-21,"Houston Oilers",21,14,26,139,29,11,137,0,1,36,50,"Baltimore Colts",16,27,47,210,21,18,219,2,7,37,58
1980-09-21,"San Diego Chargers",30,16,33,92,27,13,211,3,2,0,103,"Denver Broncos",13,22,27,153,43,25,270,6,2,49,98
1980-09-21,"Dallas Cowboys",28,22,32,204,30,17,258,2,1,20,25,"Tampa Bay Buccaneers",17,26,36,146,33,24,244,0,2,0,75
1980-09-21,"Cincinnati Bengals",30,18,28,128,25,14,265,2,7,0,40,"Pittsburgh Steelers",28,17,39,136,28,17,185,0,0,12,60
1980-09-21,"San Francisco 49ers",37,24,31,144,29,21,241,0,2,9,58,"New York Jets",27,30,11,47,60,42,447,1,2,34,70
1980-09-21,"New England Patriots",37,23,49,203,24,15,271,1,1,0,20,"Seattle Seahawks",31,22,27,134,37,20,312,1,4,13,40
1980-09-21,"Cleveland Browns",20,14,34,94,26,15,193,0,3,36,15,"Kansas City Chiefs",13,26,33,103,36,23,295,1,3,13,25
1980-09-21,"Los Angeles Rams",51,16,28,60,31,15,190,5,4,58,22,"Green Bay Packers",21,21,41,161,23,16,228,0,2,8,62
1980-09-21,"Oakland Raiders",24,23,27,84,36,19,204,1,1,48,40,"Washington Redskins",21,24,46,227,33,17,176,3,1,12,85
1980-09-21,"Minnesota Vikings",34,12,38,161,17,8,151,1,2,30,106,"Chicago Bears",14,16,25,93,40,17,224,2,2,51,49
1980-09-21,"Buffalo Bills",35,26,37,129,31,22,295,2,0,14,46,"New Orleans Saints",26,15,17,38,35,24,285,0,0,7,59
1980-09-21,"Miami Dolphins",20,19,31,60,36,20,215,1,1,29,43,"Atlanta Falcons",17,18,21,49,36,18,332,0,3,22,94
1980-09-22,"Philadelphia Eagles",35,19,25,83,49,21,184,2,0,15,43,"New York Giants",3,23,27,148,31,19,245,1,2,11,30
1980-09-28,"Baltimore Colts",35,21,29,116,36,16,240,2,0,20,28,"New York Jets",21,23,48,172,25,18,275,2,3,0,58
1980-09-28,"Atlanta Falcons",20,19,38,159,17,11,90,0,3,7,20,"San Francisco 49ers",17,19,23,83,51,32,345,2,2,27,76
1980-09-28,"San Diego Chargers",24,18,33,108,30,15,194,0,0,6,40,"Kansas City Chiefs",7,16,31,92,34,18,150,1,5,49,45
1980-09-28,"Detroit Lions",27,16,16,59,34,21,238,5,1,21,28,"Minnesota Vikings",7,23,47,260,26,13,150,1,1,0,39
1980-09-28,"Seattle Seahawks",14,20,47,235,19,7,86,2,2,6,80,"Washington Redskins",0,15,25,78,36,17,205,4,3,0,100
1980-09-28,"Houston Oilers",13,20,26,37,34,26,241,0,2,19,50,"Cincinnati Bengals",10,14,34,116,24,14,134,1,0,0,45
1980-09-28,"Buffalo Bills",24,12,17,70,20,10,158,2,3,49,87,"Oakland Raiders",7,25,49,165,22,17,175,1,1,15,68
1980-09-28,"St. Louis Cardinals",24,19,30,109,36,16,226,3,0,16,45,"Philadelphia Eagles",14,19,41,195,21,11,108,0,1,0,30
1980-09-28,"Pittsburgh Steelers",38,13,26,99,27,12,132,4,3,31,46,"Chicago Bears",3,23,38,163,27,17,287,1,2,7,46
1980-09-28,"Dallas Cowboys",28,24,43,194,20,16,217,0,2,17,93,"Green Bay Packers",7,17,23,132,31,13,160,1,0,28,90
1980-09-28,"Los Angeles Rams",28,22,45,165,18,14,215,1,2,12,53,"New York Giants",7,13,18,62,36,15,190,1,2,30,78
1980-09-28,"Miami Dolphins",21,17,31,80,36,20,201,2,1,18,38,"New Orleans Saints",16,22,31,128,38,20,302,3,4,6,28
1980-09-28,"Cleveland Browns",34,22,31,92,32,22,318,1,2,10,107,"Tampa Bay Buccaneers",27,24,25,80,56,30,343,2,2,6,115
1980-09-29,"New England Patriots",23,8,27,108,12,8,83,1,0,21,92,"Denver Broncos",14,23,47,157,24,17,209,1,2,9,74
1980-10-05,"Denver Broncos",19,17,34,82,26,14,166,1,1,9,30,"Cleveland Browns",16,18,23,103,40,20,258,1,1,3,97
1980-10-05,"Philadelphia Eagles",24,14,32,97,33,19,232,1,1,0,93,"Washington Redskins",14,18,37,139,20,11,193,1,1,20,60
1980-10-05,"Atlanta Falcons",43,17,27,72,36,23,348,1,5,50,63,"Detroit Lions",28,19,36,191,22,11,183,2,1,9,118
1980-10-05,"Dallas Cowboys",24,14,24,137,34,13,179,3,2,24,79,"New York Giants",3,20,32,85,33,22,266,1,1,16,56
1980-10-05,"New England Patriots",21,16,33,80,24,15,190,1,0,16,62,"New York Jets",11,20,20,92,36,22,252,2,6,41,70
1980-10-05,"Buffalo Bills",26,14,38,119,28,14,129,0,2,46,4,"San Diego Chargers",24,19,29,86,35,20,220,1,5,6,15
1980-10-05,"St. Louis Cardinals",40,29,62,330,18,13,113,0,0,10,33,"New Orleans Saints",7,3,9,15,22,10,65,2,4,0,25
1980-10-05,"Pittsburgh Steelers",23,23,40,180,28,16,236,1,4,5,52,"Minnesota Vikings",17,20,29,107,36,18,214,5,0,3,15
1980-10-05,"Baltimore Colts",30,25,40,154,26,18,282,0,1,0,45,"Miami Dolphins",17,20,22,78,39,23,286,0,1,8,10
1980-10-05,"Seattle Seahawks",26,14,36,118,23,13,198,0,4,13,66,"Houston Oilers",7,16,20,79,50,23,174,5,2,11,48
1980-10-05,"Los Angeles Rams",48,25,18,75,49,28,354,3,1,10,45,"San Francisco 49ers",26,24,36,158,27,20,304,0,0,0,30
1980-10-05,"Green Bay Packers",14,14,24,92,30,15,154,2,0,30,35,"Cincinnati Bengals",9,21,42,130,26,18,203,0,5,20,25
1980-10-05,"Kansas City Chiefs",31,10,42,175,11,6,65,1,2,20,45,"Oakland Raiders",17,23,23,73,60,26,313,5,3,54,20
1980-10-06,"Chicago Bears",23,13,24,79,32,11,107,1,2,39,90,"Tampa Bay Buccaneers",0,18,45,173,21,10,110,0,2,10,95
1980-10-12,"New England Patriots",34,8,20,61,35,14,64,4,4,37,39,"Miami Dolphins",0,21,44,180,24,15,221,3,1,41,35
1980-10-12,"Minnesota Vikings",13,12,38,161,20,12,83,4,3,10,54,"Chicago Bears",7,16,34,92,33,15,155,1,2,11,51
1980-10-12,"Tampa Bay Buccaneers",14,32,47,154,51,35,418,2,1,3,70,"Green Bay Packers",14,15,35,180,25,6,103,0,1,21,25
1980-10-12,"Oakland Raiders",38,30,28,90,39,23,388,2,5,43,45,"San Diego Chargers",24,14,37,217,16,12,174,0,2,17,123
1980-10-12,"Baltimore Colts",17,22,42,149,21,10,206,1,3,0,34,"Buffalo Bills",12,24,39,162,36,17,210,1,0,9,66
1980-10-12,"Los Angeles Rams",21,24,55,244,23,12,99,0,5,8,43,"St. Louis Cardinals",13,18,24,82,38,17,195,1,0,43,37
1980-10-12,"Cincinnati Bengals",17,17,32,120,36,18,194,1,0,10,35,"Pittsburgh Steelers",16,15,28,123,35,14,237,1,6,29,35
1980-10-12,"Dallas Cowboys",59,14,13,78,35,12,173,5,5,26,72,"San Francisco 49ers",14,28,59,234,23,16,239,0,0,13,95
1980-10-12,"Detroit Lions",24,21,21,57,36,25,314,0,3,38,51,"New Orleans Saints",13,18,34,226,19,13,186,0,3,32,50
1980-10-12,"New York Jets",14,19,46,190,19,8,104,0,1,15,35,"Atlanta Falcons",7,18,23,97,32,20,168,3,4,25,35
1980-10-12,"Cleveland Browns",27,24,38,176,24,12,211,0,1,0,27,"Seattle Seahawks",3,20,27,118,29,23,222,0,1,17,64
1980-10-12,"Kansas City Chiefs",21,21,45,199,17,11,131,2,1,0,14,"Houston Oilers",20,14,29,149,18,11,148,1,0,16,5
1980-10-12,"Philadelphia Eagles",31,23,39,124,28,18,212,0,4,7,45,"New York Giants",16,13,32,82,33,14,91,2,1,12,79
1980-10-13,"Denver Broncos",20,15,35,184,23,18,158,0,1,28,68,"Washington Redskins",17,19,37,165,19,11,151,1,2,19,18
1980-10-19,"Washington Redskins",23,17,25,82,32,13,200,2,1,53,60,"St. Louis Cardinals",0,21,41,137,32,22,316,1,1,0,111
1980-10-19,"Atlanta Falcons",41,24,41,162,28,16,202,0,0,9,43,"New Orleans Saints",14,17,17,36,32,23,323,3,1,21,89
1980-10-19,"Philadelphia Eagles",17,19,23,46,38,20,222,3,2,19,55,"Dallas Cowboys",10,15,32,68,25,13,214,1,3,34,61
1980-10-19,"San Diego Chargers",44,13,25,82,31,15,139,2,3,15,43,"New York Giants",7,31,32,111,42,27,457,1,4,1,65
1980-10-19,"Chicago Bears",24,13,22,65,27,15,203,0,4,27,80,"Detroit Lions",7,16,50,170,8,5,172,1,1,1,15
1980-10-19,"Los Angeles Rams",31,18,38,138,27,18,291,1,3,10,100,"San Francisco 49ers",17,22,28,123,37,21,252,2,2,22,63
1980-10-19,"Seattle Seahawks",27,17,24,85,27,17,258,0,2,14,37,"New York Jets",17,19,42,149,27,17,198,2,1,9,40
1980-10-19,"Cincinnati Bengals",14,10,18,55,25,13,130,2,0,17,50,"Minnesota Vikings",0,25,43,169,28,21,270,1,0,7,66
1980-10-19,"Cleveland Browns",26,19,37,90,22,17,230,3,2,8,34,"Green Bay Packers",21,23,26,87,39,24,391,0,2,7,105
1980-10-19,"Miami Dolphins",17,18,23,68,42,24,221,0,4,0,54,"Buffalo Bills",14,15,44,149,17,11,93,1,3,10,48
1980-10-19,"Houston Oilers",20,12,21,67,28,16,142,2,2,16,45,"Tampa Bay Buccaneers",14,23,46,245,26,19,242,1,3,20,75
1980-10-19,"New England Patriots",37,21,35,117,24,15,264,0,0,0,21,"Baltimore Colts",21,21,34,146,21,15,180,2,0,20,11
1980-10-19,"Kansas City Chiefs",23,19,44,178,20,14,189,0,3,6,30,"Denver Broncos",17,17,22,86,32,18,199,2,1,17,24
1980-10-20,"Oakland Raiders",45,20,39,143,21,13,247,0,3,0,50,"Pittsburgh Steelers",34,27,26,117,38,24,384,2,2,34,115
1980-10-26,"St. Louis Cardinals",17,13,32,95,32,18,190,1,1,19,64,"Baltimore Colts",10,21,21,48,43,19,250,2,1,73,95
1980-10-26,"Kansas City Chiefs",20,18,38,231,19,7,102,2,2,11,40,"Detroit Lions",17,18,39,119,18,12,186,0,0,12,36
1980-10-26,"Green Bay Packers",16,15,29,85,38,19,222,1,2,10,30,"Minnesota Vikings",3,18,40,147,32,16,194,3,5,11,35
1980-10-26,"Dallas Cowboys",42,21,18,97,44,21,371,4,3,19,79,"San Diego Chargers",31,29,49,198,34,22,260,1,4,33,76
1980-10-26,"Cleveland Browns",27,21,34,87,37,18,310,1,0,4,45,"Pittsburgh Steelers",26,26,25,91,46,28,349,1,3,1,57
1980-10-26,"Denver Broncos",14,21,47,212,20,8,72,0,4,8,30,"New York Giants",9,15,27,127,36,19,200,1,0,12,65
1980-10-26,"Philadelphia Eagles",17,17,35,132,18,10,113,2,0,7,55,"Chicago Bears",14,21,36,138,26,15,180,0,2,13,67
1980-10-26,"Buffalo Bills",31,8,17,39,29,13,138,4,1,29,40,"New England Patriots",13,21,50,181,28,12,176,2,1,0,49
1980-10-26,"Atlanta Falcons",13,15,28,118,36,18,253,2,3,54,52,"Los Angeles Rams",10,15,29,121,22,12,209,2,0,58,25
1980-10-26,"Houston Oilers",23,13,18,102,36,23,185,3,2,28,61,"Cincinnati Bengals",3,17,38,251,23,13,122,1,2,0,20
1980-10-26,"Oakland Raiders",33,14,18,25,33,17,282,2,6,44,91,"Seattle Seahawks",14,19,40,138,25,16,214,0,2,13,43
1980-10-26,"Washington Redskins",22,23,34,220,24,12,124,3,1,41,45,"New Orleans Saints",14,20,38,183,29,15,185,0,2,0,32
1980-10-26,"Tampa Bay Buccaneers",24,17,44,174,18,10,89,1,0,0,40,"San Francisco 49ers",23,15,26,99,32,25,206,1,2,0,60
1980-10-27,"New York Jets",17,20,22,71,42,22,224,2,0,16,23,"Miami Dolphins",14,21,43,159,20,11,175,3,1,11,15
1980-11-02,"Tampa Bay Buccaneers",30,16,25,73,34,22,155,2,4,8,44,"New York Giants",13,23,49,244,26,13,163,0,2,28,49
1980-11-02,"Houston Oilers",20,23,45,173,19,11,164,0,2,7,38,"Denver Broncos",16,18,29,96,22,17,168,0,1,12,48
1980-11-02,"Pittsburgh Steelers",22,18,25,77,39,20,289,3,1,23,42,"Green Bay Packers",20,18,37,160,28,12,135,2,3,14,54
1980-11-02,"Detroit Lions",17,13,22,63,42,21,197,1,3,19,35,"San Francisco 49ers",13,21,30,146,33,24,282,2,5,17,30
1980-11-02,"Oakland Raiders",16,10,24,63,25,14,114,3,0,11,5,"Miami Dolphins",10,20,43,192,26,16,157,3,4,20,65
1980-11-02,"San Diego Chargers",31,21,31,126,41,22,270,0,0,7,92,"Cincinnati Bengals",14,21,24,113,39,24,235,3,1,28,75
1980-11-02,"Los Angeles Rams",45,21,18,79,48,24,263,1,3,20,42,"New Orleans Saints",31,22,43,225,26,15,270,1,3,9,48
1980-11-02,"Philadelphia Eagles",27,22,31,115,31,20,266,1,2,18,45,"Seattle Seahawks",20,20,26,103,36,20,250,0,3,30,30
1980-11-02,"Baltimore Colts",31,22,41,192,29,17,211,2,2,0,35,"Kansas City Chiefs",24,17,28,101,29,15,216,1,3,66,23
1980-11-02,"Dallas Cowboys",27,16,24,58,38,23,258,1,1,6,33,"St. Louis Cardinals",24,18,36,143,24,12,258,2,3,41,18
1980-11-02,"New England Patriots",34,18,30,113,35,19,261,3,2,39,71,"New York Jets",21,16,34,88,27,13,189,1,2,4,45
1980-11-02,"Minnesota Vikings",39,30,44,201,29,18,200,0,1,0,6,"Washington Redskins",14,20,23,74,34,20,206,2,1,32,75
1980-11-02,"Atlanta Falcons",30,19,42,150,24,13,193,3,1,32,48,"Buffalo Bills",14,20,29,94,37,20,270,3,4,0,30
1980-11-03,"Cleveland Browns",27,20,21,86,33,18,201,1,1,12,69,"Chicago Bears",21,31,38,170,39,23,298,2,1,36,80
1980-11-09,"Green Bay Packers",23,17,25,114,35,18,265,1,4,3,68,"San Francisco 49ers",16,24,40,180,33,24,244,1,4,9,64
1980-11-09,"Miami Dolphins",35,27,44,280,29,17,161,0,1,0,55,"Los Angeles Rams",14,20,18,108,42,19,209,4,0,33,49
1980-11-09,"Kansas City Chiefs",31,17,30,81,26,19,233,2,4,17,54,"Seattle Seahawks",30,23,36,130,38,19,201,5,1,9,20
1980-11-09,"Philadelphia Eagles",34,26,32,134,32,21,323,0,4,3,22,"New Orleans Saints",21,22,19,84,48,28,370,2,3,43,20
1980-11-09,"Minnesota Vikings",34,12,21,48,25,14,186,1,7,56,44,"Detroit Lions",0,23,35,100,40,27,377,0,0,31,20
1980-11-09,"Atlanta Falcons",33,34,38,209,47,31,378,1,3,24,36,"St. Louis Cardinals",27,19,16,86,43,25,344,5,1,15,84
1980-11-09,"Cleveland Browns",28,25,39,211,29,22,212,0,4,20,58,"Baltimore Colts",27,26,21,110,39,27,289,1,0,43,22
1980-11-09,"Chicago Bears",35,22,30,127,34,24,305,2,4,24,86,"Washington Redskins",21,17,41,154,18,11,210,1,3,0,25
1980-11-09,"Pittsburgh Steelers",24,14,36,135,26,11,100,1,0,6,40,"Tampa Bay Buccaneers",21,23,29,75,45,21,302,1,2,8,39
1980-11-09,"Oakland Raiders",28,20,25,69,46,23,214,4,0,19,50,"Cincinnati Bengals",17,19,35,104,25,19,244,2,5,0,92
1980-11-09,"New York Giants",38,21,36,239,23,10,155,5,3,0,80,"Dallas Cowboys",35,26,40,117,33,18,351,1,2,6,95
1980-11-09,"Buffalo Bills",31,17,38,147,28,16,140,0,0,13,64,"New York Jets",24,18,29,103,27,17,171,1,5,7,34
1980-11-09,"Denver Broncos",20,11,28,88,24,12,144,0,0,13,60,"San Diego Chargers",13,26,29,135,45,29,363,1,3,39,16
1980-11-10,"Houston Oilers",38,27,26,99,39,25,374,2,0,0,38,"New England Patriots",34,20,39,148,18,15,258,1,1,16,52
1980-11-16,"Miami Dolphins",17,20,17,29,45,32,260,1,2,0,60,"San Francisco 49ers",13,23,39,166,25,18,222,1,3,10,60
1980-11-16,"San Diego Chargers",20,10,22,75,22,15,135,0,6,27,26,"Kansas City Chiefs",7,30,47,171,39,22,222,1,0,10,10
1980-11-16,"Houston Oilers",10,20,41,237,24,13,114,1,2,21,45,"Chicago Bears",6,14,31,178,23,12,165,1,1,17,15
1980-11-16,"Philadelphia Eagles",24,18,39,157,23,13,149,1,0,10,80,"Washington Redskins",0,13,21,81,37,17,169,3,2,32,60
1980-11-16,"Buffalo Bills",14,22,43,137,24,15,169,2,2,0,32,"Cincinnati Bengals",0,9,22,89,28,15,159,1,1,35,93
1980-11-16,"Los Angeles Rams",17,13,40,107,26,14,164,2,0,14,45,"New England Patriots",14,14,29,103,24,11,125,2,3,26,35
1980-11-16,"Atlanta Falcons",31,17,23,82,36,22,256,2,3,21,49,"New Orleans Saints",13,22,45,206,24,13,195,0,2,31,55
1980-11-16,"Pittsburgh Steelers",16,14,24,95,34,15,178,1,2,7,43,"Cleveland Browns",13,21,27,79,35,19,263,4,0,23,50
1980-11-16,"New York Giants",27,24,27,121,36,20,331,2,4,42,20,"Green Bay Packers",21,19,35,112,33,17,322,0,3,28,85
1980-11-16,"Baltimore Colts",10,14,36,137,17,9,150,3,1,0,103,"Detroit Lions",9,26,45,203,25,11,116,1,4,8,69
1980-11-16,"Minnesota Vikings",38,27,23,87,56,30,486,2,3,0,85,"Tampa Bay Buccaneers",30,26,26,124,40,25,331,0,1,5,45
1980-11-16,"Dallas Cowboys",31,16,28,141,30,12,209,1,2,21,47,"St. Louis Cardinals",21,26,40,184,37,20,296,1,2,20,35
1980-11-16,"Denver Broncos",31,14,30,99,25,14,218,1,0,17,52,"New York Jets",24,29,27,115,39,27,306,2,1,31,65
1980-11-17,"Oakland Raiders",19,12,29,117,22,9,135,1,3,25,41,"Seattle Seahawks",17,23,40,158,35,19,250,2,0,17,86
1980-11-20,"San Diego Chargers",27,22,29,142,41,25,226,0,3,5,81,"Miami Dolphins",24,21,39,103,34,22,251,2,1,29,40
1980-11-23,"Green Bay Packers",25,25,40,246,21,13,218,0,0,21,35,"Minnesota Vikings",13,17,24,89,34,18,201,0,2,14,15
1980-11-23,"Buffalo Bills",28,16,21,84,35,20,183,0,3,28,65,"Pittsburgh Steelers",13,23,40,178,28,16,212,1,1,11,23
1980-11-23,"Atlanta Falcons",28,18,33,132,35,19,184,0,2,33,106,"Chicago Bears",17,18,27,87,32,17,250,1,3,11,90
1980-11-23,"Denver Broncos",36,14,25,69,26,16,192,3,2,41,68,"Seattle Seahawks",20,17,32,76,30,20,213,2,3,13,50
1980-11-23,"Dallas Cowboys",14,14,46,184,18,9,89,1,2,51,44,"Washington Redskins",10,12,35,115,16,7,103,4,2,19,0
1980-11-23,"Cleveland Browns",31,25,31,150,40,25,268,2,3,21,69,"Cincinnati Bengals",7,21,16,31,36,27,310,1,1,9,56
1980-11-23,"San Francisco 49ers",12,12,20,80,28,15,118,1,1,67,35,"New York Giants",0,16,38,120,28,16,216,2,5,10,95
1980-11-23,"New England Patriots",47,18,28,155,28,17,200,3,2,28,50,"Baltimore Colts",21,23,48,245,21,10,150,1,1,9,25
1980-11-23,"Philadelphia Eagles",10,12,28,100,36,10,237,2,2,62,15,"Oakland Raiders",7,13,32,107,32,14,181,1,2,17,34
1980-11-23,"New York Jets",31,28,26,123,51,33,388,4,3,39,80,"Houston Oilers",28,17,36,104,26,13,236,2,3,13,90
1980-11-23,"Kansas City Chiefs",21,23,44,129,32,18,222,2,2,30,85,"St. Louis Cardinals",13,16,23,125,39,14,211,1,2,17,36
1980-11-23,"Detroit Lions",24,19,40,129,29,22,157,0,4,24,52,"Tampa Bay Buccaneers",10,15,16,45,34,18,171,1,3,16,25
1980-11-24,"Los Angeles Rams",27,21,45,215,26,15,194,0,1,16,36,"New Orleans Saints",7,9,11,34,35,15,125,2,2,63,40
1980-11-27,"Dallas Cowboys",51,18,26,148,34,13,122,3,4,38,78,"Seattle Seahawks",7,24,45,200,19,12,132,2,0,7,84
1980-11-27,"Chicago Bears",23,21,29,178,24,11,167,0,0,43,45,"Detroit Lions",17,19,41,149,22,10,175,0,0,11,48
1980-11-30,"Los Angeles Rams",38,13,17,85,35,14,196,1,2,57,53,"New York Jets",13,26,44,226,37,23,295,4,1,11,104
1980-11-30,"San Francisco 49ers",21,16,31,81,32,16,274,6,2,12,45,"New England Patriots",17,15,35,101,29,17,131,2,0,3,34
1980-11-30,"Minnesota Vikings",23,23,40,153,29,13,137,2,2,22,16,"New Orleans Saints",20,18,21,103,32,19,248,2,1,12,76
1980-11-30,"San Diego Chargers",22,20,27,92,36,23,226,0,3,55,40,"Philadelphia Eagles",21,17,30,73,29,20,342,1,4,12,71
1980-11-30,"Cincinnati Bengals",20,18,37,205,23,13,107,2,1,10,39,"Kansas City Chiefs",6,17,29,82,37,21,210,1,5,37,27
1980-11-30,"Tampa Bay Buccaneers",20,19,41,138,32,16,235,0,1,0,38,"Green Bay Packers",17,18,24,74,36,24,183,0,2,0,15
1980-11-30,"Cleveland Browns",17,11,31,121,21,13,93,1,0,20,59,"Houston Oilers",14,17,31,114,26,17,219,2,3,11,45
1980-11-30,"Atlanta Falcons",10,11,32,85,18,14,127,1,3,19,35,"Washington Redskins",6,18,31,131,32,14,219,0,1,9,42
1980-11-30,"Baltimore Colts",28,24,41,120,28,17,164,1,3,0,36,"Buffalo Bills",24,14,40,113,24,8,88,2,1,0,71
1980-11-30,"Pittsburgh Steelers",23,14,23,81,26,14,143,1,4,0,20,"Miami Dolphins",10,20,42,168,31,13,289,1,2,22,74
1980-11-30,"St. Louis Cardinals",23,19,51,225,17,10,136,1,1,0,93,"New York Giants",7,13,24,106,30,12,106,2,1,23,75
1980-12-01,"Oakland Raiders",9,12,22,95,35,18,134,4,2,15,84,"Denver Broncos",3,15,43,164,19,9,78,0,1,27,30
1980-12-04,"Houston Oilers",6,18,29,160,26,10,138,3,2,20,71,"Pittsburgh Steelers",0,13,32,91,27,15,177,1,0,0,111
1980-12-07,"Dallas Cowboys",19,17,39,128,26,14,159,0,1,27,58,"Oakland Raiders",13,16,22,83,36,16,190,2,2,25,45
1980-12-07,"Kansas City Chiefs",31,21,26,132,35,20,263,1,4,47,55,"Denver Broncos",14,22,49,199,18,12,142,1,1,10,25
1980-12-07,"New York Giants",27,14,39,150,18,8,161,1,2,0,68,"Seattle Seahawks",21,22,28,116,37,20,238,0,4,17,70
1980-12-07,"Cincinnati Bengals",34,23,21,94,40,21,249,1,1,30,55,"Baltimore Colts",33,26,42,148,38,21,368,1,3,7,76
1980-12-07,"Cleveland Browns",17,17,19,93,28,19,214,2,1,9,40,"New York Jets",14,27,27,79,41,30,340,1,0,21,78
1980-12-07,"Atlanta Falcons",20,23,30,182,33,13,215,2,1,22,14,"Philadelphia Eagles",17,20,27,86,36,17,222,2,0,32,27
1980-12-07,"St. Louis Cardinals",24,16,36,121,28,15,201,1,0,18,20,"Detroit Lions",23,14,42,126,22,12,99,1,0,0,101
1980-12-07,"Minnesota Vikings",21,19,24,118,31,22,264,0,0,17,69,"Tampa Bay Buccaneers",10,19,32,128,36,18,227,0,2,7,35
1980-12-07,"Washington Redskins",40,17,23,105,27,14,213,5,2,32,45,"San Diego Chargers",17,23,37,149,37,26,269,0,3,28,67
1980-12-07,"Buffalo Bills",10,14,42,181,23,8,61,1,2,27,49,"Los Angeles Rams",7,15,43,150,25,10,138,0,4,16,62
1980-12-07,"San Francisco 49ers",38,27,36,143,39,24,377,1,5,1,45,"New Orleans Saints",35,24,33,176,36,24,285,0,3,31,60
1980-12-07,"Chicago Bears",61,19,22,81,31,14,204,2,1,19,58,"Green Bay Packers",7,33,48,267,24,20,336,0,0,9,80
1980-12-08,"Miami Dolphins",16,15,33,120,17,13,175,0,1,20,49,"New England Patriots",13,17,29,118,25,15,192,0,1,19,33
1980-12-13,"Washington Redskins",16,18,39,143,27,11,131,2,2,21,53,"New York Giants",13,16,29,113,32,16,136,1,3,17,19
1980-12-13,"San Diego Chargers",21,16,18,79,42,22,179,0,2,27,44,"Seattle Seahawks",14,25,27,90,42,28,339,2,3,9,103
1980-12-14,"Minnesota Vikings",28,21,33,134,33,20,232,1,1,0,60,"Cleveland Browns",23,29,16,75,49,38,456,0,1,1,35
1980-12-14,"New England Patriots",24,8,22,108,22,11,115,1,4,62,63,"Buffalo Bills",2,21,47,195,19,12,136,2,1,7,20
1980-12-14,"Miami Dolphins",24,19,42,175,29,9,143,1,1,0,47,"Baltimore Colts",14,14,29,136,35,16,149,2,0,9,93
1980-12-14,"Atlanta Falcons",35,15,21,106,42,25,222,2,1,18,15,"San Francisco 49ers",10,26,43,171,34,24,300,1,1,8,33
1980-12-14,"Cincinnati Bengals",17,17,35,154,25,13,174,0,2,34,43,"Chicago Bears",14,17,31,116,28,13,132,4,1,32,35
1980-12-14,"Houston Oilers",22,22,41,257,22,15,143,1,2,29,20,"Green Bay Packers",3,16,20,54,37,18,309,3,4,26,25
1980-12-14,"Philadelphia Eagles",17,8,28,67,23,8,70,1,3,11,59,"St. Louis Cardinals",3,18,40,108,34,17,236,0,1,0,60
1980-12-14,"Detroit Lions",27,11,17,40,37,13,186,2,1,13,24,"Tampa Bay Buccaneers",14,19,27,76,44,29,360,0,2,28,57
1980-12-14,"New Orleans Saints",21,20,24,121,30,20,198,0,0,7,45,"New York Jets",20,20,43,227,28,11,83,2,1,19,15
1980-12-14,"Oakland Raiders",24,15,36,97,21,13,213,1,2,34,30,"Denver Broncos",21,26,26,76,42,26,448,3,3,17,45
1980-12-14,"Pittsburgh Steelers",21,16,40,132,23,8,84,1,0,18,58,"Kansas City Chiefs",16,16,32,115,22,14,197,2,3,27,86
1980-12-15,"Los Angeles Rams",38,13,23,96,33,13,204,3,1,29,20,"Dallas Cowboys",14,21,46,242,25,15,275,0,1,0,80
1980-12-20,"Chicago Bears",14,21,46,182,31,15,151,2,1,11,65,"Tampa Bay Buccaneers",13,16,28,107,29,16,350,2,4,6,70
1980-12-20,"New York Jets",24,18,34,120,19,12,172,3,2,20,72,"Miami Dolphins",17,22,30,135,41,20,223,2,1,11,27
1980-12-21,"Los Angeles Rams",20,21,42,165,26,13,225,1,3,41,68,"Atlanta Falcons",17,23,37,256,34,20,213,0,3,22,52
1980-12-21,"Houston Oilers",20,24,23,114,53,26,266,4,0,18,55,"Minnesota Vikings",16,23,33,219,33,19,239,2,1,23,50
1980-12-21,"Buffalo Bills",18,16,32,165,20,12,102,0,2,0,49,"San Francisco 49ers",13,19,29,146,36,25,163,0,4,11,60
1980-12-21,"New England Patriots",38,27,38,240,28,16,233,1,0,0,95,"New Orleans Saints",27,23,23,89,41,26,367,0,0,8,69
1980-12-21,"Kansas City Chiefs",38,23,33,71,28,17,316,0,3,15,30,"Baltimore Colts",28,22,35,123,40,23,236,1,2,24,67
1980-12-21,"Dallas Cowboys",35,21,23,84,30,18,331,0,1,8,46,"Philadelphia Eagles",27,24,38,168,24,16,202,1,2,30,68
1980-12-21,"Detroit Lions",24,11,25,87,27,14,132,1,2,29,54,"Green Bay Packers",3,22,30,132,27,18,239,2,1,14,45
1980-12-21,"Washington Redskins",31,20,35,174,32,19,260,0,3,43,70,"St. Louis Cardinals",7,14,32,186,26,6,68,3,1,80,112
1980-12-21,"Oakland Raiders",33,17,34,144,25,14,185,0,3,18,54,"New York Giants",17,22,39,185,32,17,150,1,5,44,35
1980-12-21,"Denver Broncos",25,15,33,135,26,10,114,0,0,13,80,"Seattle Seahawks",17,27,24,96,41,26,275,2,0,72,56
1980-12-21,"Cleveland Browns",27,18,19,57,44,24,308,2,1,52,75,"Cincinnati Bengals",24,20,31,125,36,16,251,2,3,3,50
1980-12-22,"San Diego Chargers",26,16,18,49,32,16,272,0,1,19,25,"Pittsburgh Steelers",17,27,44,180,38,21,308,0,1,0,40
NA,NA,NA,18,33,97,27,15,243,2,1,65,64,NA,NA,12,35,111,23,8,168,1,2,29,91
